{
  "best_score": 7.418198090675456,
  "best_params": {
    "n_agents": 4,
    "schema_dimensions": 2,
    "match_algorithm": "minimum",
    "match_threshold": 0.6625690949390698,
    "base_claim_probability": 0.6040496895179641,
    "success_boost": 5.871293525602125,
    "failure_penalty": 3.217632168373815,
    "identity_inertia": 0.11785382365407801,
    "n_steps": 100,
    "interaction_selection": "random",
    "interaction_size": 2,
    "schema_type": "continuous",
    "schema_correlation": 0.0,
    "dimension_weights": "uniform",
    "grant_first": false,
    "allow_mutual_claims": false,
    "allow_self_loops": false,
    "simultaneous_roles": false,
    "characteristic_distribution": "uniform",
    "ilt_distribution": "uniform",
    "leader_identity_distribution": "uniform",
    "follower_identity_distribution": "uniform",
    "distribution_mean": 0.5,
    "distribution_std": 0.2
  },
  "all_scores": [
    2.997316669012096,
    6.236252600244349,
    3.9184169381825895,
    7.418198090675456,
    3.2904352915394455,
    1.94167874310663,
    5.402901794960528,
    3.3726515007522364,
    5.607873005304467,
    4.091137259923519,
    2.7419305939778518,
    4.5908188681707545,
    3.4862864040935095,
    4.168753550067889,
    5.142029293318721,
    2.495898971191113,
    3.932460948675299,
    3.6169237838308503,
    4.375933072186961,
    5.611937708968694,
    5.855212576726207,
    5.524043676081969,
    3.9298083164120237,
    5.5343912863277165,
    6.0287243678244735,
    3.6040827546529677,
    5.967963121122236,
    7.033621319569844,
    6.603427411526158,
    6.828007427405694,
    6.05226679984676,
    5.516862201293113,
    5.419035382305474,
    4.816704916509053,
    6.955128436163461,
    7.137563213908993,
    7.333187825487343,
    5.083032516388532,
    5.719447780586526,
    5.917153486040858,
    7.301072595079821,
    5.5260398762823,
    6.328780804346572,
    4.730014023873254,
    4.846293140935151,
    5.555212013769481,
    5.392117922634054,
    5.0530358956119334,
    5.1919426936208355,
    5.460995614325887
  ],
  "n_calls": 50,
  "n_random_starts": 10
}