{
  "best_score": 8.014915194370985,
  "best_params": {
    "n_agents": 8,
    "schema_dimensions": 1,
    "match_algorithm": "minimum",
    "match_threshold": 0.4815043017343057,
    "base_claim_probability": 0.3,
    "success_boost": 10.0,
    "failure_penalty": 5.0,
    "identity_inertia": 0.1,
    "n_steps": 100,
    "interaction_selection": "random",
    "interaction_size": 2,
    "schema_type": "continuous",
    "schema_correlation": 0.0,
    "dimension_weights": "uniform",
    "grant_first": false,
    "allow_mutual_claims": false,
    "allow_self_loops": false,
    "simultaneous_roles": false,
    "characteristic_distribution": "uniform",
    "ilt_distribution": "uniform",
    "leader_identity_distribution": "uniform",
    "follower_identity_distribution": "uniform",
    "distribution_mean": 0.5,
    "distribution_std": 0.2
  },
  "all_scores": [
    4.516057287875497,
    4.3203236198638955,
    4.416674593305013,
    5.046778102412915,
    3.5379973315474507,
    4.888802556869306,
    4.736470427898797,
    2.268793437825579,
    4.332062122260138,
    2.917998948676945,
    6.795600362566722,
    6.766618513798974,
    3.9535869307371954,
    5.534259119184863,
    5.510356606276601,
    6.108840000279416,
    3.5527258419009917,
    6.827132150366917,
    5.419814654917959,
    5.949959328999304,
    5.637780262384995,
    6.626229416778706,
    6.90028006300833,
    5.258844237627996,
    5.864099991249572,
    5.946286821893646,
    6.0224720108116765,
    7.37984042701193,
    4.636941570850232,
    1.4839304470628774,
    6.944990253584865,
    6.326668810483067,
    3.1442065957805365,
    5.948359961574669,
    6.101353197816103,
    5.8381263414441715,
    4.546693962633065,
    4.863191573615121,
    5.789664853212877,
    7.987878465326335,
    7.926950869323598,
    5.80573371071305,
    5.46231425515956,
    6.451392409987493,
    6.544966488408977,
    4.644677930849556,
    6.997885075854576,
    8.001774975265704,
    8.014915194370985,
    7.002698190196641
  ],
  "n_calls": 50,
  "n_random_starts": 10
}