{
  "n_agents": 9,
  "schema_dimensions": 2,
  "match_algorithm": "minimum",
  "match_threshold": 0.5885191034058911,
  "success_boost": 4.091626167782177,
  "failure_penalty": 5.861548146976489
}