{
  "n_agents": 5,
  "schema_dimensions": 3,
  "match_algorithm": "average",
  "match_threshold": 0.6452606354527491,
  "success_boost": 4.716770692559694,
  "failure_penalty": 5.992640076599999
}