{
  "n_agents": 7,
  "schema_dimensions": 2,
  "match_algorithm": "average",
  "match_threshold": 0.6486072424713218,
  "success_boost": 3.7720507915259436,
  "failure_penalty": 3.947777200102675
}