{
  "best_configs": [
    {
      "n_agents": 8,
      "initial_li_equal": true,
      "weight_function": "linear",
      "li_change_rate": 0.12839556326299698,
      "schema_weight": 0.7014375439619098,
      "weight_transition_start": 0.21742367515229027,
      "weight_transition_end": 0.5170303665892497,
      "claim_threshold": 0.5047332767731468,
      "grant_threshold": 0.6223399642610277,
      "perception_change_success": 0.2906387392304981,
      "perception_change_reject": 0.12277439697866074
    },
    {
      "n_agents": 8,
      "initial_li_equal": true,
      "weight_function": "sigmoid",
      "li_change_rate": 0.13962794559973443,
      "schema_weight": 0.2686562557196501,
      "weight_transition_start": 0.24004669947161897,
      "weight_transition_end": 0.7642946758074258,
      "claim_threshold": 0.3261217258062539,
      "grant_threshold": 0.6680910172272949,
      "perception_change_success": 0.24768567434623315,
      "perception_change_reject": 0.1971125732504091
    },
    {
      "n_agents": 8,
      "initial_li_equal": true,
      "weight_function": "linear",
      "li_change_rate": 0.22689110716917285,
      "schema_weight": 0.6815208449551097,
      "weight_transition_start": 0.22903961876151827,
      "weight_transition_end": 0.7217186183332189,
      "claim_threshold": 0.35998460979434455,
      "grant_threshold": 0.6614914461615609,
      "perception_change_success": 0.25363978919507313,
      "perception_change_reject": 0.05670237630532058
    }
  ],
  "best_scores": [
    0.0,
    0.0,
    0.0
  ],
  "clusters": [
    1,
    0,
    0,
    2,
    0,
    0,
    0,
    1,
    0,
    2,
    2,
    1,
    0,
    0,
    1,
    0,
    0,
    0,
    0,
    2,
    0,
    0,
    0,
    0,
    1,
    0,
    0,
    0,
    1,
    2,
    1,
    0,
    0,
    2,
    0,
    0,
    1,
    0,
    0,
    0,
    1,
    0,
    0,
    2,
    0,
    0,
    0,
    1,
    0,
    0,
    1,
    1,
    2,
    1,
    1,
    1,
    1,
    2,
    0,
    1,
    0,
    0,
    1,
    1,
    2,
    1,
    0,
    0,
    2,
    0,
    1,
    0,
    0,
    2,
    1,
    0,
    1,
    1,
    0,
    1,
    0,
    0,
    1,
    0,
    0,
    2,
    0,
    1,
    0,
    2,
    2,
    0,
    0,
    1,
    0,
    2,
    0,
    0,
    2,
    0,
    2,
    2,
    1,
    2,
    0,
    2,
    1,
    0,
    0,
    0,
    1,
    0,
    2,
    0,
    0,
    1,
    2,
    1,
    0,
    0,
    0,
    1,
    1,
    2,
    1,
    1,
    1,
    0,
    1,
    1,
    1,
    0,
    0,
    1,
    2,
    2,
    0,
    1,
    1,
    2,
    0,
    0,
    1,
    0,
    1,
    1,
    1,
    2,
    1,
    2,
    0,
    1,
    0,
    0,
    1,
    0,
    2,
    0,
    0,
    1,
    0,
    1,
    0,
    2,
    0,
    0,
    2,
    2,
    0,
    0,
    2,
    1,
    0,
    0,
    1,
    1,
    0,
    0,
    1,
    1,
    1,
    0,
    2,
    0,
    0,
    2,
    1,
    0,
    0,
    0,
    1,
    1,
    1,
    0,
    1,
    1,
    1,
    2,
    0,
    1,
    0
  ],
  "parameter_importance": {
    "claim_threshold": 0.0,
    "grant_threshold": 0.0,
    "initial_li_equal": 0.0,
    "li_change_rate": 0.0,
    "n_agents": 0.0,
    "perception_change_reject": 0.0,
    "perception_change_success": 0.0,
    "schema_weight": 0.0,
    "weight_function": 0.0,
    "weight_transition_end": 0.0,
    "weight_transition_start": 0.0
  }
}