{
  "best_score": 0.1951111111111111,
  "final_best_score": 0.17286666666666667,
  "best_params": {
    "n_agents": 