{
  "n_agents": 7,
  "schema_dimensions": 2,
  "match_algorithm": "average",
  "match_threshold": 0.5913757211515855,
  "success_boost": 5.724381885978998,
  "failure_penalty": 2.196047239150476
}