{
  "best_params": {
    "n_agents": 6,
    "schema_dimensions": 2,
    "match_algorithm": "minimum",
    "match_threshold": 0.3,
    "base_claim_probability": 0.7,
    "success_boost": 4.177751278257254,
    "failure_penalty": 2.694592814275365,
    "identity_inertia": 0.5,
    "n_steps": 150,
    "characteristic_distribution": "uniform",
    "ilt_distribution": "uniform",
    "distribution_mean": 0.5,
    "distribution_std": 0.2,
    "dimension_weights": "uniform"
  },
  "best_score": 0.28827499999999995,
  "optimization_history": {
    "X": [
      [
        6.0,
        3.0,
        2.0,
        0.593024133027148,
        0.49442634727688917,
        6.4408313041376015,
        4.018210675013465,
        0.10516294776760371
      ],
      [
        10.0,
        3.0,
        1.0,
        0.5886388371841846,
        0.6676657961374322,
        6.82504374737132,
        3.2162257778129324,
        0.22645279622288142
      ],
      [
        8.0,
        1.0,
        1.0,
        0.4021014239858521,
        0.5774296449471633,
        4.94387174988649,
        2.283359979910718,
        0.26425424424801525
      ],
      [
        10.0,
        3.0,
        2.0,
        0.5753132163860126,
        0.31563224744953483,
        7.123284971026126,
        2.0164491206047974,
        0.3528182547946114
      ],
      [
        10.0,
        2.0,
        0.0,
        0.5821639139981232,
        0.3520090868017591,
        2.479024588921113,
        1.1814350034452068,
        0.4447665523504748
      ],
      [
        10.0,
        1.0,
        0.0,
        0.4010368347386712,
        0.5693858084003248,
        6.378304290359592,
        2.1242445274524147,
        0.31138666763053213
      ],
      [
        6.0,
        3.0,
        0.0,
        0.4195777604171035,
        0.35607755012161046,
        4.810163304669697,
        3.9635041033290435,
        0.4841395579765245
      ],
      [
        8.0,
        1.0,
        2.0,
        0.3129993313778392,
        0.43403093442048446,
        4.901105708727833,
        4.096831121640138,
        0.13789408504673095
      ],
      [
        10.0,
        1.0,
        1.0,
        0.31270902784484333,
        0.6680242191021903,
        2.248189653180093,
        3.5378165976009615,
        0.1194202985492216
      ],
      [
        10.0,
        1.0,
        0.0,
        0.3626215978420203,
        0.455001613836339,
        2.1911217228067903,
        2.715496316428519,
        0.4441158459795169
      ],
      [
        6.0,
        2.0,
        1.0,
        0.38724960996063434,
        0.5485864551686659,
        5.169035899024336,
        3.7376828303864302,
        0.26014018877077805
      ],
      [
        6.0,
        2.0,
        1.0,
        0.34243004573742264,
        0.6241199756355512,
        5.069420382516298,
        3.667866218233976,
        0.2366977029239414
      ],
      [
        6.0,
        2.0,
        1.0,
        0.3,
        0.7,
        4.840578956916835,
        3.4417860372873785,
        0.15849187373555806
      ],
      [
        6.0,
        1.0,
        1.0,
        0.3,
        0.7,
        4.765783010793436,
        3.416310556940144,
        0.14184630939422835
      ],
      [
        6.0,
        2.0,
        1.0,
        0.3,
        0.7,
        4.710605887800538,
        3.426215706970988,
        0.2288279313106443
      ],
      [
        6.0,
        2.0,
        1.0,
        0.3,
        0.7,
        4.380743523436118,
        3.325246144435349,
        0.4223636887047618
      ],
      [
        6.0,
        2.0,
        2.0,
        0.3,
        0.7,
        4.342766987697864,
        3.301145439540708,
        0.3044482852687723
      ],
      [
        6.0,
        2.0,
        1.0,
        0.3,
        0.7,
        4.51660261596384,
        2.897100631594901,
        0.4234770982226661
      ],
      [
        6.0,
        2.0,
        1.0,
        0.3,
        0.7,
        4.539104313617367,
        2.4640318527390397,
        0.5
      ],
      [
        6.0,
        2.0,
        1.0,
        0.3,
        0.7,
        4.277580164252461,
        2.9551334028922347,
        0.1
      ],
      [
        6.0,
        2.0,
        1.0,
        0.3,
        0.7,
        4.629694959727538,
        3.072117564508182,
        0.5
      ],
      [
        6.0,
        2.0,
        1.0,
        0.3,
        0.7,
        4.547965411150394,
        3.0674322046580094,
        0.5
      ],
      [
        6.0,
        3.0,
        2.0,
        0.3,
        0.7,
        2.0,
        5.0,
        0.5
      ],
      [
        6.0,
        2.0,
        1.0,
        0.3,
        0.7,
        4.550452850275927,
        3.0801195719293504,
        0.5
      ],
      [
        6.0,
        2.0,
        1.0,
        0.3,
        0.7,
        4.4834068663846525,
        3.0573544614969674,
        0.5
      ],
      [
        6.0,
        2.0,
        1.0,
        0.3,
        0.7,
        4.1892737625402106,
        2.635107619209824,
        0.5
      ],
      [
        6.0,
        2.0,
        1.0,
        0.3,
        0.7,
        3.881959111337181,
        2.263276779727773,
        0.5
      ],
      [
        6.0,
        2.0,
        1.0,
        0.3,
        0.7,
        4.0596339541795325,
        2.460414680334216,
        0.5
      ],
      [
        6.0,
        2.0,
        2.0,
        0.3,
        0.7,
        3.764094057513366,
        2.0655313921138934,
        0.5
      ],
      [
        6.0,
        2.0,
        1.0,
        0.3,
        0.7,
        3.9949087093853177,
        2.4584457735573073,
        0.5
      ],
      [
        6.0,
        2.0,
        1.0,
        0.3,
        0.7,
        3.961852773263815,
        2.433023794403674,
        0.5
      ],
      [
        6.0,
        2.0,
        1.0,
        0.3,
        0.7,
        4.232056954523241,
        2.5992209280292773,
        0.5
      ],
      [
        6.0,
        2.0,
        1.0,
        0.3,
        0.7,
        4.1847083227660855,
        2.69679612643906,
        0.5
      ],
      [
        6.0,
        2.0,
        1.0,
        0.3,
        0.7,
        4.177751278257254,
        2.694592814275365,
        0.5
      ],
      [
        6.0,
        2.0,
        1.0,
        0.3,
        0.7,
        4.036213173980195,
        2.6415406493944413,
        0.5
      ],
      [
        6.0,
        2.0,
        1.0,
        0.3,
        0.7,
        3.979216538523072,
        2.652520555070694,
        0.5
      ],
      [
        6.0,
        2.0,
        1.0,
        0.3,
        0.7,
        4.071840573142186,
        2.629247727998429,
        0.5
      ],
      [
        6.0,
        2.0,
        1.0,
        0.3,
        0.7,
        4.1373060550311145,
        2.630374880956372,
        0.5
      ],
      [
        6.0,
        2.0,
        1.0,
        0.3,
        0.7,
        4.091148783707504,
        2.5730775896052736,
        0.5
      ],
      [
        6.0,
        2.0,
        1.0,
        0.3,
        0.7,
        4.105200711948062,
        2.5868132795344483,
        0.5
      ],
      [
        6.0,
        2.0,
        1.0,
        0.3,
        0.7,
        4.110418858056744,
        2.587794767617777,
        0.5
      ],
      [
        6.0,
        2.0,
        1.0,
        0.3,
        0.7,
        4.069905610418496,
        2.5262940744964792,
        0.5
      ],
      [
        6.0,
        2.0,
        1.0,
        0.3,
        0.7,
        4.0905681467405115,
        2.5609105263313015,
        0.5
      ],
      [
        6.0,
        2.0,
        1.0,
        0.3,
        0.7,
        4.094245052098009,
        2.55941116048529,
        0.5
      ],
      [
        6.0,
        2.0,
        1.0,
        0.3,
        0.7,
        4.110482488168967,
        2.587868434249305,
        0.5
      ],
      [
        6.0,
        2.0,
        1.0,
        0.3,
        0.7,
        4.1180679859413605,
        2.591261664996065,
        0.5
