{
  "best_score": 7.859658382901271,
  "best_params": {
    "n_agents": 8,
    "schema_dimensions": 1,
    "match_algorithm": "minimum",
    "match_threshold": 0.3,
    "base_claim_probability": 0.3,
    "success_boost": 10.0,
    "failure_penalty": 1.0,
    "identity_inertia": 0.1,
    "n_steps": 100,
    "interaction_selection": "random",
    "interaction_size": 2,
    "schema_type": "continuous",
    "schema_correlation": 0.0,
    "dimension_weights": "uniform",
    "grant_first": false,
    "allow_mutual_claims": false,
    "allow_self_loops": false,
    "simultaneous_roles": false,
    "characteristic_distribution": "uniform",
    "ilt_distribution": "uniform",
    "leader_identity_distribution": "uniform",
    "follower_identity_distribution": "uniform",
    "distribution_mean": 0.5,
    "distribution_std": 0.2
  },
  "all_scores": [
    6.153988053988698,
    3.465329027135956,
    5.5652821187741255,
    4.772365385448786,
    5.031621762820551,
    6.648597171589768,
    5.943518521612366,
    5.002937890032426,
    4.7738507142478355,
    4.192225577981526,
    6.753952931401327,
    6.886705067386342,
    6.549506986868769,
    6.0226737690584065,
    5.479422882715818,
    6.652478234561158,
    3.515907119471295,
    6.327860701044835,
    6.195909614052129,
    5.776816776713661,
    6.7294050184617715,
    5.702436210951464,
    6.731386663161454,
    6.877783900034379,
    7.101912246328212,
    6.392982070643027,
    6.857545770029397,
    7.281259757346848,
    6.301326095075423,
    6.189722817018031,
    6.194489087993155,
    6.071097882494001,
    6.418074688462115,
    7.042378020866491,
    6.666373802013892,
    6.84328280025245,
    7.7474383928760915,
    6.985066426977809,
    5.244128952318354,
    7.859658382901271,
    7.575611932704834,
    4.73361844757869,
    7.403371568062019,
    7.601122866006213,
    6.081487161500268,
    7.436648824108792,
    6.910420277636303,
    7.508546789134202,
    5.7685076739000865,
    6.759771898318701
  ],
  "n_calls": 50,
  "n_random_starts": 10
}