{
  "best_score": 5.863693087741632,
  "best_params": {
    "n_agents": 8,
    "schema_dimensions": 1,
    "match_algorithm": "average",
    "match_threshold": 0.3,
    "success_boost": 13.33951372908715,
    "failure_penalty": 2.0,
    "switch_step": 10
  },
  "all_scores": [
    3.1469663324009347,
    3.6082440997618628,
    4.695679939113946,
    1.7426200687628288,
    3.3671977051012965,
    4.456150466855776,
    2.972999544531593,
    2.1771142203275278,
    2.3728079830135553,
    3.994970557549709,
    4.317380503158079,
    5.3116346849544,
    3.3744973621105694,
    3.7971692142641964,
    5.863693087741632,
    5.505981625854553,
    4.833763233536512,
    3.778550977616868,
    4.623059187521219,
    5.254857614669662,
    2.0493440166654144,
    4.915248455654988,
    5.592596626919073,
    5.08078376594923,
    4.869041209076615,
    4.879959168369017,
    5.7786848096249015,
    4.19589837516449,
    0.16117105238271154,
    4.56846868546644,
    5.302741393848268,
    4.981849648366138,
    4.727760886075929,
    4.696801710723742,
    3.1211144399235877,
    4.861528547552854,
    5.2195177505675545,
    4.317787273296113,
    4.148026092910184,
    4.6220272195415815,
    4.827425608276295,
    5.099122004094785,
    5.756106772913495,
    4.336402502348235,
    4.466935673406366,
    4.542857884713614,
    3.7968413313895653,
    5.3619968066160935,
    4.576555954363435,
    4.975980735650967
  ],
  "n_calls": 50,
  "n_random_starts": 10
}