{
  "best_configs": [
    {
      "n_agents": 8,
      "initial_li_equal": true,
      "weight_function": "linear",
      "li_change_rate": 0.13217515835965324,
      "schema_weight": 0.47863421062830175,
      "weight_transition_start": 0.22119240487802144,
      "weight_transition_end": 0.6428849756505063,
      "claim_threshold": 0.6994461442143839,
      "grant_threshold": 0.5026107119173612,
      "perception_change_success": 0.10051142612039453,
      "perception_change_reject": 0.1111559645037628
    },
    {
      "n_agents": 8,
      "initial_li_equal": true,
      "weight_function": "sigmoid",
      "li_change_rate": 0.1261724739011262,
      "schema_weight": 0.2207174762624906,
      "weight_transition_start": 0.12736276919119535,
      "weight_transition_end": 0.5483669691596365,
      "claim_threshold": 0.5417916702256762,
      "grant_threshold": 0.3567240078832852,
      "perception_change_success": 0.2838028308289259,
      "perception_change_reject": 0.07004704675070077
    },
    {
      "n_agents": 6,
      "initial_li_equal": true,
      "weight_function": "linear",
      "li_change_rate": 0.2930064476621234,
      "schema_weight": 0.2626309872810595,
      "weight_transition_start": 0.19441062579763985,
      "weight_transition_end": 0.8746476108285226,
      "claim_threshold": 0.6034891565425389,
      "grant_threshold": 0.6773200370169435,
      "perception_change_success": 0.11229791975110055,
      "perception_change_reject": 0.11247757020518409
    }
  ],
  "best_scores": [
    0.0,
    0.0,
    0.0
  ],
  "clusters": [
    1,
    1,
    0,
    1,
    2,
    0,
    2,
    1,
    1,
    0,
    2,
    2,
    0,
    1,
    1,
    2,
    0,
    1,
    2,
    2,
    2,
    1,
    1,
    2,
    2,
    1,
    1,
    0,
    2,
    2,
    1,
    2,
    0,
    1,
    1,
    0,
    2,
    1,
    2,
    0,
    1,
    1,
    2,
    1,
    2,
    1,
    1,
    1,
    1,
    0,
    1,
    0,
    1,
    0,
    1,
    1,
    1,
    0,
    1,
    0,
    2,
    1,
    1,
    2,
    1,
    1,
    1,
    1,
    1,
    1,
    1,
    2,
    0,
    2,
    2,
    0,
    0,
    2,
    1,
    1,
    1,
    1,
    0,
    0,
    0,
    1,
    1,
    1,
    1,
    0,
    1,
    2,
    2,
    1,
    1,
    2,
    0,
    1,
    1,
    1,
    1,
    1,
    2,
    1,
    1,
    1,
    2,
    2,
    1,
    1,
    1,
    2,
    0,
    1,
    1,
    2,
    1,
    0,
    2,
    1,
    1,
    1,
    2,
    1,
    1,
    2,
    1,
    2,
    0,
    0,
    1,
    0,
    1,
    0,
    0,
    1,
    2,
    0,
    0,
    0,
    2,
    1,
    1,
    1,
    2,
    1,
    1,
    1,
    1,
    0,
    1,
    0,
    2,
    1,
    2,
    0,
    2,
    1,
    1,
    2,
    1,
    1,
    1,
    1,
    1,
    2,
    2,
    1,
    0,
    1,
    1,
    1,
    1,
    0,
    2,
    0,
    1,
    1,
    2,
    0,
    1,
    0,
    1,
    1,
    0,
    0,
    1,
    0,
    2,
    2,
    0,
    0,
    1,
    1,
    1,
    2,
    0,
    1,
    0,
    1,
    0
  ],
  "parameter_importance": {
    "claim_threshold": 0.0,
    "grant_threshold": 0.0,
    "initial_li_equal": 0.0,
    "li_change_rate": 0.0,
    "n_agents": 0.0,
    "perception_change_reject": 0.0,
    "perception_change_success": 0.0,
    "schema_weight": 0.0,
    "weight_function": 0.0,
    "weight_transition_end": 0.0,
    "weight_transition_start": 0.0
  }
}