{
  "best_score": 5.608734530116752,
  "best_params": {
    "n_agents": 8,
    "schema_dimensions": 1,
    "match_algorithm": "minimum",
    "match_threshold": 0.4095629494190086,
    "success_boost": 9.561414420755469,
    "failure_penalty": 3.122102508175107,
    "identity_activation_step": 17
  },
  "all_scores": [
    3.307996727435627,
    2.666287193730919,
    2.7189978368255323,
    3.0138394035090124,
    2.8798790586906784,
    3.722481265340032,
    2.626645458353198,
    4.845716780196705,
    2.8370795551225796,
    4.2072541002911805,
    4.254131728146328,
    3.8293413172278106,
    4.856251124209324,
    4.371041165036884,
    5.608734530116752,
    4.96919810856198,
    0.7053636991228609,
    3.433189662709333,
    4.4131994234551986,
    4.929779795159723,
    4.25949999733787,
    3.84772328024703,
    4.720539906101441,
    5.129654998260243,
    4.155399279197514,
    4.393360427246986,
    3.745255663544559,
    4.622605900026931,
    3.7176913408654584,
    5.096426707691774,
    4.725337547250669,
    1.2122656315765055,
    4.038776342165005,
    4.517522028587059,
    4.363005242587855,
    4.393055108260502,
    1.7421207472685822,
    3.1764411069818896,
    3.437547716062228,
    3.420985727764215,
    1.3221861293021133,
    3.378512164054532,
    4.074362320876463,
    4.149394897682746,
    4.119137155258149,
    2.5104853105483205,
    2.1403589520699398,
    4.2284298961247515,
    3.990371456127775,
    4.438028312076262
  ],
  "n_calls": 50,
  "n_random_starts": 10
}