{
  "best_score": 0.162348081357101,
  "best_params": {
    "n_agents": 7,
    "schema_dimensions": 2,
    "match_algorithm": "minimum",
    "match_threshold": 0.7,
    "success_boost": 5.990950262748385,
    "failure_penalty": 2.9921264284936386,
    "switch_step": 25,
    "identity_transition_steps": 8,
    "distribution_std": 0.21099346409273112
  },
  "all_scores": [
    0.08334213570007165,
    0.030797942849707542,
    0.10617431039307583,
    0.08321387534739323,
    0.10359192583716656,
    0.10142024622816,
    0.0029197189646636714,
    0.10372497888016541,
    0.09536622525055324,
    0.09371215172906357,
    0.08870819471120632,
    0.0473121541181883,
    0.09298505255548856,
    0.009496582518143485,
    0.10896082367412008,
    0.10114165394037503,
    0.10587958731628828,
    0.08680742937468097,
    0.12942182499850277,
    0.09498442627324792,
    0.1324571871603952,
    0.10699414454987874,
    0.11807133093961433,
    0.11136806114454756,
    0.10141178488989189,
    0.11013403479368569,
    0.09359409727589811,
    0.13271172121809505,
    0.12906521404003873,
    0.021961947396998454,
    0.14035918377630502,
    0.11806133382371767,
    0.0884181193628784,
    0.12488128266878726,
    0.10725934698135495,
    0.0889332487749173,
    0.1155363235068954,
    0.10554769983741441,
    0.10427152764976286,
    0.09650266104320172,
    0.10265580477508016,
    0.162348081357101,
    0.11887004017013499,
    0.10103526120017021,
    0.13031261224477372,
    0.0905863843495644,
    0.10807802112911638,
    0.0660319349279311,
    0.1262509613872997,
    0.11389996152201479
  ],
  "n_calls": 50,
  "n_random_starts": 10
}